{"cameraMode":{"drawMode":1,"name":"Wireframe","section":"Shading Mode"},"sceneLighting":true,"audioPlay":false,"sceneViewState":{"showFog":true,"showMaterialUpdate":true,"showSkybox":true,"showFlares":true,"showImageEffects":true,"showParticleSystems":true,"showVisualEffectGraphs":true,"m_FxEnabled":true},"in2DMode":false,"pivot":{"x":6.883626461029053,"y":11.715797424316407,"z":1.429801106452942},"rotation":{"x":0.20626159012317658,"y":-0.036684222519397739,"z":0.007741905748844147,"w":0.9777888655662537},"size":24.552974700927736,"orthographic":false}