{"cameraMode":{"drawMode":2,"name":"Shaded Wireframe","section":"Shading Mode"},"sceneLighting":true,"audioPlay":false,"sceneViewState":{"showFog":true,"showMaterialUpdate":true,"showSkybox":true,"showFlares":true,"showImageEffects":true,"showParticleSystems":true},"in2DMode":false,"pivot":{"x":0.4997987747192383,"y":18.893306732177736,"z":18.019123077392579},"rotation":{"x":0.15192413330078126,"y":0.13152360916137696,"z":-0.02040863409638405,"w":0.9793630838394165},"size":21.051860809326173,"orthographic":false}